{"cameraMode":{"drawMode":0,"name":"Shaded","section":"Shading Mode"},"sceneLighting":false,"audioPlay":false,"sceneViewState":{"m_AlwaysRefresh":false,"showFog":true,"showSkybox":false,"showFlares":true,"showImageEffects":true,"showParticleSystems":true,"showVisualEffectGraphs":true,"m_FxEnabled":true},"in2DMode":false,"pivot":{"x":-1.4161229133605958,"y":0.3812708854675293,"z":12.543069839477539},"rotation":{"x":-0.035404033958911899,"y":0.009924042969942093,"z":-0.0004894649027846754,"w":-0.9994370937347412},"size":12.12435531616211,"orthographic":false}