{"cameraMode":{"drawMode":0,"name":"Shaded","section":"Shading Mode"},"sceneLighting":false,"audioPlay":false,"sceneViewState":{"m_AlwaysRefresh":false,"showFog":true,"showSkybox":false,"showFlares":true,"showImageEffects":true,"showParticleSystems":true,"showVisualEffectGraphs":true,"m_FxEnabled":true},"in2DMode":false,"pivot":{"x":0.16911499202251435,"y":-1.7808640003204346,"z":95.71287536621094},"rotation":{"x":0.013517122715711594,"y":0.0008703119237907231,"z":0.0020451759919524194,"w":1.000260591506958},"size":53.07191848754883,"orthographic":false}