{"cameraMode":{"drawMode":0,"name":"Shaded","section":"Shading Mode"},"sceneLighting":false,"audioPlay":false,"sceneViewState":{"m_AlwaysRefresh":false,"showFog":true,"showSkybox":false,"showFlares":true,"showImageEffects":true,"showParticleSystems":true,"showVisualEffectGraphs":true,"m_FxEnabled":true},"in2DMode":false,"pivot":{"x":-0.001694764825515449,"y":0.6852023005485535,"z":-9.726877212524414},"rotation":{"x":-0.13378265500068665,"y":0.21619346737861634,"z":-0.032416410744190219,"w":-0.9670464396476746},"size":0.4514004588127136,"orthographic":false}