{"cameraMode":{"drawMode":0,"name":"Shaded","section":"Shading Mode"},"sceneLighting":false,"audioPlay":false,"sceneViewState":{"m_AlwaysRefresh":false,"showFog":true,"showSkybox":false,"showFlares":true,"showImageEffects":true,"showParticleSystems":true,"showVisualEffectGraphs":true,"m_FxEnabled":false},"in2DMode":false,"pivot":{"x":-2.978855848312378,"y":7.4071526527404789,"z":-2.281656265258789},"rotation":{"x":0.08488597720861435,"y":0.17805986106395722,"z":0.015496140345931054,"w":-0.9802970886230469},"size":0.8660253882408142,"orthographic":false}