{"cameraMode":{"drawMode":0,"name":"Shaded","section":"Shading Mode"},"sceneLighting":false,"audioPlay":false,"sceneViewState":{"m_AlwaysRefresh":false,"showFog":true,"showSkybox":false,"showFlares":true,"showImageEffects":true,"showParticleSystems":true,"showVisualEffectGraphs":true,"m_FxEnabled":false},"in2DMode":false,"pivot":{"x":-9.961913108825684,"y":3.8607919216156008,"z":22.73902130126953},"rotation":{"x":0.01357410941272974,"y":0.3491968810558319,"z":0.004780600778758526,"w":-0.9370881915092468},"size":2.7946524620056154,"orthographic":false}